------------------------------------------------------------------------------------------------------------
--DATA BUILD SCRIPT FOR METRO DB HAVING MAIN PROJECT TABELS ONLY 5 TABLES ARE DONE TILL NOW YOU CAN ADD MORE
------------------------------------------------------------------------------------------------------------
INSERT INTO metro_line values(1,50.0,'Marg','Helwan');
INSERT INTO metro_line values(2,15.0,'GIZA','SHOUBRA');
INSERT INTO metro_line values(3,22.5,'MATAR','IMBABA');
INSERT INTO metro_line values(4,100.5,'CAIRO','ALEXANDRIA');
-----------------------------------------------------------------
INSERT INTO Employee (SSN,AGE,FNAME,LNAME,SALARY,JOBTYPE,DRIVER_LISENCE,LN_ID) values(225687,26,'hady','el-saeed',2500,'D','FIRST-DEGREE-122',3);
INSERT INTO Employee (SSN,AGE,FNAME,LNAME,SALARY,JOBTYPE,DRIVER_LISENCE,LN_ID) values(225569,29,'MOHMOUD','RAMY',2000,'D','FIRST-DEGREE-137',1);
INSERT INTO Employee (SSN,AGE,FNAME,LNAME,SALARY,JOBTYPE,DRIVER_LISENCE,LN_ID) values(336598,18,'MOHMOUD','AHMED',1500,'D','SECOND-DEGREE-269',3);
INSERT INTO Employee (SSN,AGE,FNAME,LNAME,SALARY,JOBTYPE,DRIVER_LISENCE,LN_ID) values(564597,20,'SAMY','AHMED',1500,'D','SECOND-DEGREE-269',4);
INSERT INTO Employee (SSN,AGE,FNAME,LNAME,SALARY,JOBTYPE,DRIVER_LISENCE,LN_ID) values(564481,30,'ALI','AHMED',3000,'D','FIRST-DEGREE-189',4);
INSERT INTO Employee (SSN,AGE,FNAME,LNAME,SALARY,JOBTYPE,GUN_LISENCE,LN_ID) values(445387,30,'ALI','AWAD',3000,'G','RIFLE-45',4);
INSERT INTO Employee (SSN,AGE,FNAME,LNAME,SALARY,JOBTYPE,GUN_LISENCE,LN_ID) values(445741,35,'TAMER','AWAD',3000,'G','GUN-65',2);
INSERT INTO Employee (SSN,AGE,FNAME,LNAME,SALARY,JOBTYPE,GUN_LISENCE,LN_ID) values(445963,35,'MOSTAFA','MOHMOUD',3000,'G','GUN-65',1);
INSERT INTO Employee (SSN,AGE,FNAME,LNAME,SALARY,JOBTYPE,FINANCIAL_RANK,LN_ID) values(775842,40,'AHMED','MOHMOUD',5000,'M',1,1);
INSERT INTO Employee (SSN,AGE,FNAME,LNAME,SALARY,JOBTYPE,FINANCIAL_RANK,LN_ID) values(775951,40,'AHMED','SALAH',5000,'M',5,1);
INSERT INTO Employee (SSN,AGE,FNAME,LNAME,SALARY,JOBTYPE,FINANCIAL_RANK,LN_ID) values(775753,40,'HAMED','SALAH',5000,'M',4,4);
INSERT INTO Employee (SSN,AGE,FNAME,LNAME,SALARY,JOBTYPE,FINANCIAL_RANK,LN_ID) values(751564,50,'HAMED','RADY',5000,'M',3,3);
INSERT INTO Employee (SSN,AGE,FNAME,LNAME,SALARY,JOBTYPE,FINANCIAL_RANK,LN_ID) values(789634,55,'HAMED','HANY',7000,'M',6,2);
INSERT INTO Employee (SSN,AGE,FNAME,LNAME,SALARY,JOBTYPE,FINANCIAL_RANK,LN_ID) values(789873,35,'JOHN','HANY',7000,'M',6,3);
INSERT INTO Employee (SSN,AGE,FNAME,LNAME,SALARY,JOBTYPE,GUN_LISENCE,LN_ID) values(445374,30,'KAMAL','JAN',3000,'G','RIFLE-45',3);
INSERT INTO Employee (SSN,AGE,FNAME,LNAME,SALARY,JOBTYPE,GUN_LISENCE,LN_ID) values(445264,30,'YASSER','DR',3000,'G','RIFLE-45',2);
INSERT INTO Employee (SSN,AGE,FNAME,LNAME,SALARY,JOBTYPE,DRIVER_LISENCE,LN_ID) values(335364,27,'MOHMOUD','ASHRAF',1500,'D','SECOND-DEGREE-269',2);
INSERT INTO Employee (SSN,AGE,FNAME,LNAME,SALARY,JOBTYPE,DRIVER_LISENCE,LN_ID) values(332697,27,'YOUSSIF','ASHRAF',2700,'D','FIRST-DEGREE-163',2);

--------------------------------------------------------------------
INSERT INTO DRIVER_ASSISTANCE VALUES(564597,'SAYED');
INSERT INTO DRIVER_ASSISTANCE VALUES(225687,'RIAD');
INSERT INTO DRIVER_ASSISTANCE VALUES(225569,'PETER');
INSERT INTO DRIVER_ASSISTANCE VALUES(564481,'JAMES');
----------------------------------------------------------------------
INSERT INTO INTERSECTS VALUES(1,2,'ATTABA');
INSERT INTO INTERSECTS VALUES(2,3,'ALMAZA');
INSERT INTO INTERSECTS VALUES(2,4,'RAMSEES');
INSERT INTO INTERSECTS VALUES(4,3,'MATAR');
INSERT INTO INTERSECTS VALUES(1,3,'BAB EL SHAREYA');
----------------------------------------------------------------------
INSERT INTO Station VALUES('ATTABA',2500,'CAIRO-ATTABA',1,5,775842);
INSERT INTO Station VALUES('ATTABA',2500,'CAIRO-ATTABA',1,5,775842);
INSERT INTO Station VALUES('IMBABA',2300,'CAIRO-IMBABA',3,0,789873);
INSERT INTO Station VALUES('MATAR',2300,'CAIRO-AIRPORT',3,2,751564);
INSERT INTO Station VALUES('MARG',3000,'GIZA-MARG',1,0,775951);
INSERT INTO Station VALUES('HELWAN',3000,'HELWAN',1,0,775951);
INSERT INTO Station VALUES('BORG EL ARAB',1000,'ALEXANDRIA-BORG EL ARAB',4,3,775753);
INSERT INTO Station VALUES('DOKKI',1000,'GIZA-DOKKI',2,3,789634);
INSERT INTO Station VALUES('SHOUBRA',2500,'CAIRO-SHOUBRA',2,0,789634);
----------------------------------TESTING-----------------------------------
SELECT FNAME,LNAME,DRIVER_LISENCE,DA_NAME FROM Employee,DRIVER_ASSISTANCE WHERE Employee.SSN=DRIVER_ASSISTANCE.ESSN;
SELECT * FROM Employee,metro_line WHERE Employee.LN_ID=metro_line.ID AND Employee.LN_ID=1;



